{
  "PORT": 41000,
  "OUTPUT_TYPE": 0,
  "OUTPUT_ADDRESS": "165.132.105.36",
  "OUTPUT_PORT": [8004,8900],
  "TIME_GRID_INTERVAL":10000,
  "GRID_X_NUM": 12,
  "GRID_Y_NUM": 12,
  "LIST_DELIMITER": ",",
  "NULL_VALUE":-1,
  "MAX_NUM_OF_CONTAINING_MERGED_LOG":1,
  "MY_IP_ADDRESS":"165.132.105.29",
  "WATCH_DOG_ADDRESS":"165.132.105.36",
  "WATCH_DOG_PORT":8001,
  "MINIMUM_OBJECT_EXIST_TIME_1":1500,
  "MINIMUM_OBJECT_EXIST_TIME_2": 800,
  "MAXIMUM_OBJECT_EXIST_TIME_1": 10000,
  "MAXIMUM_OBJECT_EXIST_TIME_2": 8000,
  "MAX_SIZE_CHANGE": 2,
  "MAX_SPEED_CHANGE": 2.5,
  "MERGE_TIME_DISTANCE": 1000,
  "MERGE_DISTANCE": 200,
  "RECONNECT_ERR_CNT": 1,
  "MAINTAIN_TRANSACTION": 1
}
